Course_ID,Price,StartingTime,FinishingTime,Participants
1,222,1:33 PM,9:21 AM,29
2,223,1:30 PM,8:31 AM,29
3,143,1:41 PM,8:14 AM,38
4,157,1:22 PM,7:39 AM,25
5,143,1:49 PM,4:40 AM,29
6,146,1:54 PM,11:49 AM,17
7,131,1:53 PM,3:13 PM,24
8,248,1:41 PM,10:19 AM,34
9,163,1:04 PM,2:39 PM,13
10,243,1:50 PM,5:27 PM,29
11,117,1:12 PM,7:02 AM,36
12,161,1:13 PM,6:54 AM,24
13,106,1:16 PM,4:53 AM,18
14,161,1:07 PM,6:37 AM,11
15,132,1:05 PM,11:31 AM,38
16,94,1:50 PM,4:32 PM,28
17,225,1:43 PM,8:11 AM,38
18,181,1:43 PM,11:15 AM,20
19,122,1:29 PM,4:55 PM,31
20,199,1:03 PM,8:40 AM,25
21,196,1:48 PM,9:15 AM,5
22,189,1:37 PM,8:50 AM,30
23,200,1:16 PM,8:56 AM,38
24,101,1:02 PM,7:18 AM,6
25,197,1:57 PM,5:48 AM,10
26,86,1:16 PM,4:16 PM,10
27,120,1:53 PM,9:11 AM,11
28,130,1:05 PM,6:13 AM,26
29,194,1:19 PM,4:45 AM,22
30,158,1:22 PM,4:00 AM,14
31,119,1:33 PM,4:32 PM,17
32,98,1:02 PM,5:41 AM,21
33,111,1:13 PM,9:20 AM,23
34,170,1:22 PM,10:01 AM,22
35,147,1:30 PM,11:01 AM,16
36,108,1:58 PM,5:51 PM,40
37,118,1:46 PM,6:35 AM,8
38,200,1:55 PM,11:39 AM,24
39,113,1:06 PM,5:20 PM,25
40,248,1:56 PM,5:03 PM,34
41,197,1:25 PM,3:44 PM,9
42,125,1:39 PM,12:13 PM,14
43,199,1:27 PM,5:27 PM,25
44,144,1:04 PM,5:58 PM,35
45,105,1:04 PM,4:38 AM,11
46,137,1:54 PM,8:56 AM,36
47,210,1:04 PM,8:49 AM,27
48,118,1:52 PM,7:37 AM,35
49,219,1:21 PM,10:45 AM,29
50,233,1:32 PM,11:24 AM,35
51,124,1:23 PM,2:52 PM,15
52,140,1:17 PM,7:53 AM,5
53,181,1:09 PM,11:06 AM,14
54,196,1:09 PM,4:10 PM,14
55,239,1:29 PM,4:58 PM,33
56,106,1:28 PM,4:40 PM,32
57,216,1:09 PM,12:07 PM,38
58,248,1:47 PM,10:13 AM,13
59,152,1:03 PM,5:38 AM,14
60,146,1:01 PM,10:35 AM,39
61,172,1:06 PM,5:29 PM,15
62,152,1:00 PM,4:38 PM,38
63,149,1:56 PM,11:47 AM,9
64,216,1:18 PM,10:19 AM,37
65,109,1:14 PM,12:25 PM,20
66,226,1:53 PM,9:30 AM,13
67,147,1:22 PM,1:05 PM,37
68,110,1:02 PM,4:35 PM,14
69,230,1:22 PM,4:45 PM,6
70,135,1:01 PM,5:06 AM,26
71,184,1:31 PM,4:37 PM,40
72,104,1:47 PM,6:57 AM,28
73,172,1:33 PM,3:40 PM,25
74,80,1:42 PM,2:40 PM,30
75,161,1:30 PM,10:24 AM,27
76,147,1:10 PM,9:58 AM,31
77,189,1:51 PM,5:39 PM,11
78,174,1:41 PM,5:50 PM,15
79,114,1:58 PM,3:06 PM,32
80,91,1:49 PM,6:48 AM,12
81,228,1:09 PM,4:38 PM,22
82,115,1:57 PM,3:24 PM,6
83,159,1:13 PM,5:51 AM,13
84,153,1:36 PM,4:19 PM,14
85,245,1:10 PM,4:37 AM,9
86,101,1:08 PM,12:49 PM,7
87,184,1:34 PM,3:26 PM,7
88,102,1:18 PM,1:08 PM,13
89,115,1:33 PM,8:28 AM,19
90,154,1:02 PM,6:49 AM,30
91,123,1:31 PM,8:34 AM,34
92,187,1:49 PM,5:24 AM,32
93,166,1:27 PM,7:00 AM,9
94,90,1:21 PM,9:57 AM,18
95,218,1:29 PM,8:09 AM,10
96,141,1:28 PM,12:42 PM,14
97,102,1:01 PM,8:11 AM,21
98,81,1:05 PM,9:22 AM,14
99,82,1:12 PM,10:33 AM,18
100,228,1:32 PM,3:45 PM,21
101,89,1:43 PM,10:54 AM,8
102,116,1:12 PM,8:49 AM,40
103,154,1:11 PM,3:35 PM,39
104,246,1:57 PM,8:47 AM,26
105,230,1:30 PM,1:11 PM,38
106,230,1:05 PM,4:11 AM,8
107,246,1:10 PM,2:34 PM,21
108,158,1:28 PM,1:28 PM,39
109,82,1:58 PM,3:42 PM,32
110,112,1:06 PM,9:11 AM,30
111,211,1:49 PM,12:00 PM,24
112,216,1:12 PM,10:26 AM,13
113,103,1:28 PM,5:46 AM,26
114,140,1:40 PM,5:20 PM,6
115,125,1:58 PM,6:28 AM,18
116,103,1:06 PM,1:27 PM,20
117,153,1:18 PM,5:41 AM,6
118,180,1:56 PM,10:10 AM,26
119,198,1:36 PM,9:03 AM,10
120,237,1:47 PM,8:11 AM,37
121,204,1:45 PM,3:08 PM,29
122,161,1:47 PM,10:01 AM,23
123,181,1:42 PM,11:02 AM,20
124,231,1:59 PM,5:14 PM,18
125,100,1:00 PM,7:22 AM,7
126,178,1:20 PM,4:44 AM,23
127,189,1:24 PM,6:13 AM,16
128,234,1:54 PM,12:50 PM,30
129,162,1:23 PM,2:14 PM,32
130,247,1:21 PM,10:46 AM,39
131,212,1:57 PM,10:13 AM,9
132,157,1:02 PM,10:02 AM,8
133,139,1:05 PM,2:59 PM,33
134,198,1:15 PM,6:56 AM,31
135,117,1:43 PM,6:47 AM,28
136,214,1:20 PM,10:51 AM,31
137,89,1:43 PM,2:26 PM,12
138,165,1:10 PM,3:54 PM,10
139,193,1:38 PM,1:29 PM,32
140,129,1:57 PM,4:42 PM,32
141,176,1:11 PM,3:58 PM,29
142,151,1:58 PM,1:49 PM,28
143,155,1:03 PM,6:19 AM,40
144,83,1:34 PM,7:51 AM,30
145,244,1:46 PM,3:58 PM,30
146,221,1:46 PM,1:12 PM,12
147,89,1:31 PM,4:29 AM,18
148,82,1:36 PM,5:08 PM,28
149,92,1:56 PM,11:02 AM,5
150,184,1:34 PM,1:12 PM,7
151,126,1:53 PM,2:17 PM,8
152,240,1:01 PM,4:46 AM,16
153,162,1:12 PM,8:34 AM,14
154,159,1:42 PM,7:08 AM,30
155,200,1:16 PM,5:00 AM,33
156,101,1:38 PM,5:12 AM,24
157,127,1:32 PM,4:51 PM,15
158,107,1:42 PM,1:10 PM,33
159,148,1:41 PM,2:49 PM,17
160,144,1:28 PM,10:19 AM,30
161,87,1:57 PM,6:28 AM,20
162,85,1:03 PM,2:49 PM,16
163,220,1:43 PM,11:35 AM,33
164,173,1:17 PM,4:50 PM,27
165,142,1:29 PM,5:24 PM,10
166,124,1:15 PM,6:56 AM,37
167,88,1:21 PM,4:20 PM,20
168,209,1:34 PM,4:16 PM,27
169,84,1:26 PM,12:21 PM,10
170,204,1:52 PM,2:58 PM,16
171,236,1:07 PM,9:29 AM,7
172,113,1:47 PM,4:39 PM,11
173,146,1:16 PM,11:10 AM,25
174,186,1:57 PM,7:00 AM,25
175,207,1:12 PM,9:15 AM,5
176,129,1:00 PM,1:04 PM,27
177,216,1:37 PM,8:47 AM,9
178,106,1:00 PM,4:44 AM,19
179,217,1:33 PM,11:13 AM,19
180,156,1:35 PM,5:10 PM,9
181,85,1:18 PM,7:01 AM,37
182,118,1:17 PM,9:06 AM,33
183,175,1:45 PM,9:38 AM,30
184,106,1:43 PM,11:37 AM,13
185,126,1:13 PM,3:04 PM,6
186,213,1:04 PM,1:50 PM,19
187,219,1:10 PM,5:56 AM,30
188,86,1:13 PM,9:26 AM,13
189,164,1:52 PM,4:34 PM,16
190,97,1:52 PM,4:48 AM,38
191,198,1:24 PM,12:08 PM,20
192,182,1:01 PM,7:55 AM,6
193,92,1:02 PM,5:28 PM,12
194,205,1:23 PM,6:43 AM,26
195,174,1:45 PM,4:47 PM,25
196,211,1:59 PM,7:52 AM,26
197,219,1:01 PM,1:56 PM,17
198,153,1:21 PM,3:02 PM,16
199,213,1:39 PM,5:28 PM,37
200,235,1:18 PM,5:44 AM,6
201,158,1:58 PM,9:17 AM,26
202,81,1:02 PM,4:37 PM,8
203,201,1:17 PM,9:09 AM,14
204,197,1:17 PM,4:20 AM,13
205,114,1:44 PM,12:07 PM,32
206,127,1:28 PM,5:16 AM,28
207,152,1:54 PM,2:02 PM,24
208,139,1:30 PM,7:19 AM,31
209,249,1:59 PM,12:06 PM,22
210,161,1:43 PM,12:11 PM,36
211,130,1:48 PM,8:57 AM,17
212,231,1:17 PM,10:59 AM,25
213,179,1:04 PM,12:30 PM,27
214,190,1:32 PM,7:14 AM,36
215,98,1:34 PM,4:22 PM,8
216,226,1:55 PM,5:48 PM,25
217,202,1:28 PM,5:31 PM,35
218,236,1:50 PM,10:05 AM,21
219,95,1:32 PM,6:59 AM,39
220,105,1:15 PM,6:16 AM,35
221,90,1:31 PM,7:36 AM,35
222,124,1:55 PM,4:33 AM,5
223,138,1:39 PM,3:09 PM,36
224,147,1:30 PM,8:00 AM,30
225,215,1:11 PM,1:23 PM,29
226,80,1:41 PM,12:28 PM,28
227,250,1:59 PM,9:55 AM,20
228,91,1:07 PM,5:19 PM,26
229,121,1:23 PM,6:00 AM,24
230,224,1:06 PM,5:35 AM,32
231,171,1:10 PM,7:22 AM,29
232,198,1:22 PM,1:49 PM,23
233,127,1:11 PM,8:01 AM,14
234,214,1:29 PM,9:49 AM,38
235,243,1:05 PM,12:10 PM,7
236,189,1:02 PM,3:44 PM,8
237,246,1:54 PM,4:33 PM,18
238,214,1:31 PM,11:52 AM,33
239,141,1:25 PM,8:52 AM,24
240,148,1:21 PM,5:57 AM,35
241,161,1:05 PM,2:38 PM,34
242,152,1:17 PM,11:38 AM,28
243,186,1:30 PM,4:01 PM,26
244,172,1:31 PM,11:41 AM,14
245,188,1:52 PM,3:04 PM,21
246,95,1:18 PM,12:45 PM,30
247,103,1:42 PM,5:12 AM,18
248,162,1:28 PM,9:12 AM,27
249,177,1:54 PM,8:17 AM,26
250,182,1:01 PM,8:44 AM,40
251,101,1:58 PM,12:43 PM,39
252,191,1:49 PM,4:07 AM,27
253,137,1:54 PM,4:45 AM,20
254,118,1:36 PM,1:25 PM,11
255,245,1:49 PM,7:48 AM,30
256,180,1:22 PM,9:40 AM,37
257,167,1:14 PM,7:48 AM,11
258,82,1:47 PM,1:18 PM,38
259,234,1:47 PM,8:06 AM,35
260,201,1:50 PM,8:09 AM,34
261,183,1:28 PM,10:15 AM,18
262,120,1:34 PM,5:06 PM,29
263,104,1:19 PM,1:09 PM,26
264,110,1:43 PM,3:25 PM,5
265,215,1:13 PM,12:21 PM,21
266,147,1:37 PM,10:23 AM,26
267,203,1:03 PM,3:51 PM,30
268,110,1:39 PM,5:56 PM,31
269,107,1:51 PM,10:00 AM,7
270,241,1:10 PM,7:34 AM,29
271,166,1:19 PM,8:55 AM,17
272,142,1:17 PM,4:20 AM,7
273,129,1:13 PM,6:13 AM,13
274,151,1:45 PM,11:29 AM,5
275,120,1:51 PM,12:34 PM,34
276,139,1:22 PM,12:43 PM,32
277,201,1:11 PM,6:01 AM,40
278,139,1:28 PM,8:48 AM,10
279,148,1:38 PM,11:17 AM,19
280,190,1:38 PM,3:46 PM,7
281,156,1:38 PM,5:31 AM,27
282,84,1:42 PM,7:55 AM,16
283,239,1:41 PM,7:53 AM,32
284,84,1:37 PM,4:16 AM,13
285,238,1:11 PM,3:37 PM,33
286,133,1:22 PM,12:55 PM,33
287,119,1:56 PM,5:23 AM,11
288,241,1:24 PM,10:11 AM,29
289,231,1:18 PM,3:56 PM,37
290,91,1:13 PM,2:39 PM,36
291,212,1:01 PM,12:25 PM,25
292,123,1:40 PM,4:57 AM,26
293,196,1:34 PM,8:20 AM,14
294,177,1:31 PM,11:51 AM,21
295,152,1:38 PM,4:56 PM,16
296,231,1:11 PM,4:29 AM,33
297,161,1:59 PM,1:34 PM,21
298,116,1:25 PM,12:10 PM,5
299,146,1:50 PM,4:39 PM,33
300,179,1:10 PM,2:41 PM,30
